{
  "project_info": {
    "project_number": "881071492400",
    "firebase_url": "https://project-sports-tracker-2379a.firebaseio.com",
    "project_id": "project-sports-tracker-2379a",
    "storage_bucket": "project-sports-tracker-2379a.appspot.com"
  },
  "client": [
    {
      "client_info": {
        "mobilesdk_app_id": "1:881071492400:android:786dfbca917f7b60bb0cf5",
        "android_client_info": {
          "package_name": "ch.epfl.esl.sportstracker"
        }
      },
      "oauth_client": [
        {
          "client_id": "881071492400-2ilgu1gb0glnvu7pj784197em9avetgq.apps.googleusercontent.com",
          "client_type": 1,
          "android_info": {
            "package_name": "ch.epfl.esl.sportstracker",
            "certificate_hash": "1a18cda35b81458ec1457cc28070cdd0dcf1d504"
          }
        },
        {
          "client_id": "881071492400-fsn38svflmjn9gi7bpab8lsmqu0r0e1i.apps.googleusercontent.com",
          "client_type": 3
        }
      ],
      "api_key": [
        {
          "current_key": "AIzaSyDxXVyf30uuK2tLSfrtOuziVM2qmriee8A"
        }
      ],
      "services": {
        "appinvite_service": {
          "other_platform_oauth_client": [
            {
              "client_id": "881071492400-fsn38svflmjn9gi7bpab8lsmqu0r0e1i.apps.googleusercontent.com",
              "client_type": 3
            }
          ]
        }
      }
    }
  ],
  "configuration_version": "1"
}